X_distance_m,Y_altitude_m
0.0,1633.04
1.001,1637.35
2.002,1647.12
3.003,1658.88
4.004,1672.33
5.005,1676.2
6.006,1675.74
7.007,1679.32
8.008,1680.22
9.009,1681.11
10.01,1681.94
11.011,1681.6
12.012,1681.77
13.013,1684.34
14.014,1685.5
15.015,1685.5
16.016,1685.56
17.017,1684.83
18.018,1686.91
19.019,1684.39
20.02,1684.18
21.021,1686.12
22.022,1684.45
23.023,1685.95
24.024,1685.95
25.025,1685.57
26.026,1685.56
27.027,1686.64
28.028,1685.9
29.029,1686.93
30.03,1688.73
31.031,1689.51
32.032,1689.51
33.033,1689.78
34.034,1697.14
35.035,1697.88
36.036,1698.41
37.038,1698.72
38.039,1698.63
39.04,1701.66
40.041,1708.11
41.042,1708.11
42.043,1717.21
43.044,1719.87
44.045,1722.74
45.046,1720.62
46.047,1722.81
47.048,1722.72
48.049,1721.07
49.05,1721.07
50.051,1719.58
51.052,1718.77
52.053,1719.36
53.054,1720.11
54.055,1719.68
55.056,1720.46
56.057,1720.12
57.058,1719.69
58.059,1719.69
59.06,1719.52
60.061,1721.43
61.062,1721.8
62.063,1720.84
63.064,1722.44
64.065,1723.0
65.066,1723.69
66.067,1723.69
67.068,1728.07
68.069,1729.94
69.07,1730.1
70.071,1732.05
71.072,1732.82
72.073,1732.73
73.074,1733.77
74.075,1734.15
75.076,1734.83
76.077,1736.47
77.078,1740.1
78.079,1742.85
79.08,1743.28
80.081,1744.4
81.082,1746.31
82.083,1746.86
83.084,1747.03
84.085,1747.54
85.086,1748.21
86.087,1748.69
87.088,1749.58
88.089,1749.58
89.09,1750.43
90.091,1751.18
91.092,1751.6
92.093,1751.7
93.094,1752.33
94.095,1752.72
95.096,1752.81
96.097,1752.72
97.098,1752.76
98.099,1753.32
99.1,1753.83
100.101,1764.0
101.102,1754.63
102.103,1768.05
103.104,1780.34
104.105,1787.86
105.106,1787.86
106.107,1783.72
107.108,1776.28
108.109,1787.86
109.11,1778.58
110.111,1776.05
111.113,1778.26
112.114,1777.39
113.115,1785.24
114.116,1785.24
115.117,1790.64
116.118,1794.95
117.119,1801.13
118.12,1802.23
119.121,1801.85
120.122,1801.06
121.123,1800.3
122.124,1800.3
123.125,1799.84
124.126,1799.58
125.127,1799.4
126.128,1799.28
127.129,1798.84
128.13,1798.56
129.131,1798.17
130.132,1797.55
131.133,1797.48
132.134,1796.86
133.135,1796.46
134.136,1795.92
135.137,1795.96
136.138,1795.48
137.139,1794.98
138.14,1794.32
139.141,1794.32
140.142,1793.77
141.143,1792.95
142.144,1792.45
143.145,1791.89
144.146,1791.84
145.147,1791.49
146.148,1791.2
147.149,1790.49
148.15,1790.46
149.151,1789.88
150.152,1789.2
151.153,1788.85
152.154,1788.66
153.155,1788.21
154.156,1787.65
155.157,1787.14
156.158,1787.14
157.159,1786.39
158.16,1785.73
159.161,1785.07
160.162,1784.7
161.163,1784.7
162.164,1784.29
163.165,1783.89
164.166,1783.7
165.167,1783.62
166.168,1783.29
167.169,1783.03
168.17,1782.69
169.171,1782.53
170.172,1782.39
171.173,1782.34
172.174,1781.95
173.175,1781.66
174.176,1781.53
175.177,1781.15
176.178,1780.86
177.179,1780.41
178.18,1780.41
179.181,1779.86
180.182,1779.61
181.183,1779.4
182.184,1779.31
183.185,1778.89
184.187,1778.57
185.188,1778.09
186.189,1777.55
187.19,1777.55
188.191,1777.32
189.192,1777.24
190.193,1776.77
191.194,1776.6
192.195,1776.04
193.196,1775.68
194.197,1775.34
195.198,1775.34
196.199,1774.87
197.2,1774.4
198.201,1774.04
199.202,1773.94
200.203,1773.52
201.204,1773.2
202.205,1772.87
203.206,1772.54
204.207,1772.37
205.208,1772.29
206.209,1772.0
207.21,1771.57
208.211,1771.45
209.212,1771.06
210.213,1770.71
211.214,1770.18
212.215,1770.18
213.216,1769.86
214.217,1769.43
215.218,1769.22
216.219,1768.8
217.22,1768.8
218.221,1768.28
219.222,1767.86
220.223,1767.63
221.224,1767.52
222.225,1767.16
223.226,1766.83
224.227,1766.53
225.228,1766.32
226.229,1766.14
227.23,1765.75
228.231,1765.31
229.232,1765.31
230.233,1764.89
231.234,1764.55
232.235,1764.2
233.236,1763.75
234.237,1763.75
235.238,1763.3
236.239,1762.8
237.24,1762.56
238.241,1762.32
239.242,1761.88
240.243,1761.53
241.244,1761.04
242.245,1760.88
243.246,1760.57
244.247,1760.07
245.248,1759.74
246.249,1759.18
247.25,1758.98
248.251,1758.7
249.252,1758.16
250.253,1757.68
251.254,1757.68
252.255,1757.17
253.256,1756.76
254.257,1756.44
255.258,1756.35
256.259,1755.82
257.261,1755.46
258.262,1754.98
259.263,1754.98
260.264,1754.64
261.265,1754.11
262.266,1753.77
263.267,1753.34
264.268,1753.23
265.269,1752.86
266.27,1752.44
267.271,1751.88
268.272,1751.88
269.273,1751.36
270.274,1750.91
271.275,1750.62
272.276,1750.49
273.277,1750.08
274.278,1749.72
275.279,1749.32
276.28,1749.05
277.281,1748.94
278.282,1748.53
279.283,1748.14
280.284,1747.73
281.285,1747.66
282.286,1747.39
283.287,1746.91
284.288,1746.38
285.289,1746.38
286.29,1746.04
287.291,1745.59
288.292,1745.13
289.293,1745.09
290.294,1744.64
291.295,1744.17
292.296,1743.53
293.297,1742.97
294.298,1742.83
295.299,1742.36
296.3,1741.93
297.301,1741.47
298.302,1741.41
299.303,1740.96
300.304,1740.35
301.305,1739.8
302.306,1739.8
303.307,1739.26
304.308,1738.88
305.309,1738.34
306.31,1737.83
307.311,1737.83
308.312,1737.27
309.313,1736.72
310.314,1736.37
311.315,1736.2
312.316,1735.66
313.317,1735.24
314.318,1734.74
315.319,1734.54
316.32,1734.18
317.321,1733.72
318.322,1733.34
319.323,1733.19
320.324,1732.64
321.325,1732.32
322.326,1731.93
323.327,1731.59
324.328,1731.59
325.329,1731.08
326.33,1730.69
327.331,1730.5
328.332,1730.22
329.333,1729.65
330.334,1729.42
331.336,1728.95
332.337,1728.95
333.338,1728.47
334.339,1727.89
335.34,1727.68
336.341,1727.33
337.342,1727.02
338.343,1727.05
339.344,1726.7
340.345,1726.47
341.346,1726.47
342.347,1726.28
343.348,1726.17
344.349,1726.29
345.35,1725.89
346.351,1726.02
347.352,1725.85
348.353,1725.61
349.354,1725.61
350.355,1725.27
351.356,1725.02
352.357,1725.01
353.358,1724.75
354.359,1724.46
355.36,1724.56
356.361,1724.29
357.362,1723.9
358.363,1723.9
359.364,1723.99
360.365,1723.67
361.366,1723.29
362.367,1722.92
363.368,1722.71
364.369,1722.35
365.37,1721.91
366.371,1721.91
367.372,1721.52
368.373,1721.21
369.374,1721.15
370.375,1720.84
371.376,1720.47
372.377,1720.37
373.378,1719.83
374.379,1719.62
375.38,1719.26
376.381,1718.74
377.382,1718.43
378.383,1717.83
379.384,1717.57
380.385,1717.28
381.386,1716.93
382.387,1716.58
383.388,1716.48
384.389,1716.14
385.39,1715.68
386.391,1715.56
387.392,1715.05
388.393,1714.77
389.394,1714.49
390.395,1713.91
391.396,1713.61
392.397,1713.31
393.398,1712.91
394.399,1712.77
395.4,1712.29
396.401,1711.87
397.402,1711.87
398.403,1711.5
399.404,1711.13
400.405,1711.08
401.406,1710.71
402.407,1710.28
403.408,1710.18
404.41,1709.66
405.411,1709.66
406.412,1709.21
407.413,1708.71
408.414,1708.68
409.415,1708.26
410.416,1707.9
411.417,1707.9
412.418,1707.47
413.419,1707.1
414.42,1707.1
415.421,1706.63
416.422,1706.25
417.423,1706.27
418.424,1705.71
419.425,1705.91
420.426,1705.4
421.427,1704.89
422.428,1704.89
423.429,1704.33
424.43,1703.76
425.431,1703.71
426.432,1703.23
427.433,1702.74
428.434,1702.66
429.435,1702.15
430.436,1701.64
431.437,1701.64
432.438,1701.13
433.439,1701.11
434.44,1700.62
435.441,1700.25
436.442,1700.26
437.443,1699.94
438.444,1699.47
439.445,1699.46
440.446,1699.01
441.447,1698.53
442.448,1698.57
443.449,1698.21
444.45,1697.84
445.451,1697.87
446.452,1697.66
447.453,1697.71
448.454,1697.51
449.455,1697.66
450.456,1697.81
451.457,1697.88
452.458,1697.47
453.459,1697.41
454.46,1696.89
455.461,1696.72
456.462,1696.9
457.463,1696.54
458.464,1696.36
459.465,1696.54
460.466,1696.84
461.467,1696.84
462.468,1697.12
463.469,1696.96
464.47,1696.36
465.471,1695.66
466.472,1694.87
467.473,1694.96
468.474,1694.46
469.475,1694.85
470.476,1694.85
471.477,1694.96
472.478,1694.68
473.479,1694.86
474.48,1694.41
475.481,1694.55
476.482,1694.3
477.484,1693.98
478.485,1693.98
479.486,1693.82
480.487,1693.84
481.488,1694.33
482.489,1694.02
483.49,1694.18
484.491,1694.61
485.492,1694.57
486.493,1694.68
487.494,1694.68
488.495,1694.51
489.496,1694.76
490.497,1694.6
491.498,1694.28
492.499,1694.54
493.5,1694.4
494.501,1694.22
495.502,1694.22
496.503,1693.99
497.504,1693.71
498.505,1693.91
499.506,1693.76
500.507,1693.44
501.508,1693.6
502.509,1693.35
503.51,1693.65
504.511,1693.38
505.512,1693.05
506.513,1693.26
507.514,1692.96
508.515,1692.52
509.516,1692.62
510.517,1692.29
511.518,1691.96
512.519,1691.96
513.52,1691.68
514.521,1691.37
515.522,1691.47
516.523,1691.14
517.524,1690.63
518.525,1690.88
519.526,1690.67
520.527,1690.91
521.528,1690.46
522.529,1690.18
523.53,1690.43
524.531,1690.29
525.532,1689.76
526.533,1690.05
527.534,1689.77
528.535,1689.62
529.536,1690.05
530.537,1689.39
531.538,1689.32
532.539,1689.59
533.54,1689.36
534.541,1689.36
535.542,1689.0
536.543,1688.95
537.544,1689.54
538.545,1689.03
539.546,1688.99
540.547,1689.34
541.548,1689.07
542.549,1688.6
543.55,1689.03
544.551,1688.78
545.552,1688.4
546.553,1688.7
547.554,1688.19
548.555,1688.78
549.556,1688.52
550.557,1688.15
551.559,1688.15
552.56,1687.9
553.561,1687.52
554.562,1687.78
555.563,1687.28
556.564,1687.0
557.565,1687.12
558.566,1686.73
559.567,1686.23
560.568,1686.23
561.569,1685.85
562.57,1685.84
563.571,1685.38
564.572,1684.98
565.573,1685.0
566.574,1684.55
567.575,1684.09
568.576,1684.09
569.577,1683.43
570.578,1682.85
571.579,1682.81
572.58,1682.39
573.581,1681.9
574.582,1681.78
575.583,1681.28
576.584,1681.14
577.585,1680.72
578.586,1680.26
579.587,1679.91
580.588,1679.28
581.589,1678.93
582.59,1678.61
583.591,1677.88
584.592,1677.27
585.593,1677.27
586.594,1676.6
587.595,1675.4
588.596,1674.97
589.597,1674.19
590.598,1674.19
591.599,1673.38
592.6,1672.62
593.601,1672.43
594.602,1672.02
595.603,1671.32
596.604,1671.06
597.605,1670.4
598.606,1670.06
599.607,1669.78
600.608,1669.45
601.609,1668.99
602.61,1669.55
603.611,1670.04
604.612,1670.02
605.613,1670.26
606.614,1670.58
607.615,1670.58
608.616,1670.34
609.617,1668.21
610.618,1666.84
611.619,1665.82
612.62,1665.08
613.621,1664.9
614.622,1664.73
615.623,1664.23
616.624,1664.66
617.625,1664.61
618.626,1664.89
619.627,1664.63
620.628,1664.17
621.629,1664.28
622.63,1663.79
623.631,1663.53
624.633,1663.53
625.634,1663.19
626.635,1663.01
627.636,1663.28
628.637,1662.77
629.638,1662.9
630.639,1663.12
631.64,1662.7
632.641,1662.77
633.642,1662.77
634.643,1662.39
635.644,1662.98
636.645,1662.98
637.646,1662.69
638.647,1663.39
639.648,1663.23
640.649,1663.16
641.65,1663.16
642.651,1663.18
643.652,1662.15
644.653,1662.16
645.654,1662.09
646.655,1661.96
647.656,1662.38
648.657,1662.14
649.658,1662.4
650.659,1662.4
651.66,1662.35
652.661,1662.84
653.662,1663.22
654.663,1663.01
655.664,1663.4
656.665,1663.29
657.666,1663.64
658.667,1663.64
659.668,1664.36
660.669,1663.55
661.67,1663.79
662.671,1664.69
663.672,1664.69
664.673,1666.59
665.674,1666.93
666.675,1666.78
667.676,1666.87
668.677,1666.75
669.678,1666.15
670.679,1666.37
671.68,1665.91
672.681,1666.69
673.682,1666.94
674.683,1667.43
675.684,1667.43
676.685,1667.99
677.686,1668.75
678.687,1669.31
679.688,1669.76
680.689,1669.76
681.69,1670.36
682.691,1670.85
683.692,1671.54
684.693,1671.52
685.694,1671.87
686.695,1672.5
687.696,1672.99
688.697,1672.8
